county,pop
01001,55049
01003,199510
01005,26614
01007,22572
01009,57704
01011,10552
01013,20280
01015,115883
01017,34018
01019,25897
01021,43817
01023,13287
01025,24847
01027,13483
01029,14991
01031,50991
01033,54377
01035,12697
01037,10864
01039,37729
01041,13896
01043,81316
01045,49607
01047,41426
01049,70937
01051,80957
01053,37875
01055,103363
01057,16783
01059,31573
01061,26765
01063,8587
01065,15159
01067,17187
01069,103891
01071,52608
01073,659096
01075,14066
01077,92641
01079,33433
01081,153947
01083,90257
01085,10565
01087,19684
01089,349973
01091,20066
01093,30239
01095,94534
01097,414291
01099,21975
01101,227392
01103,119555
01105,9856
01107,20042
01109,33277
01111,22615
01113,58636
01115,86576
01117,205951
01119,13285
01121,81057
01123,40958
01125,202471
01127,65593
01129,16909
01131,11119
01133,24013
02013,3299
02016,5714
02020,299321
02050,17885
02060,942
02068,2125
02070,4980
02090,100150
02100,2528
02105,2107
02110,32524
02122,57637
02130,13715
02150,13918
02158,7993
02164,1411
02170,98679
02180,9879
02185,9681
02188,7723
02195,3196
02198,6374
02220,8921
02230,1014
02240,6970
02261,9522
02275,2401
02282,646
02290,5600
04001,72346
04003,128177
04005,138064
04007,53179
04009,37529
04011,9224
04012,20304
04013,4088549
04015,203629
04017,108209
04019,1003338
04021,397604
04023,46547
04025,218586
04027,203292
05001,18569
05003,20989
05005,40992
05007,245231
05009,37301
05011,11096
05013,5210
05015,27690
05017,11189
05019,22684
05021,15202
05023,25587
05025,8421
05027,24168
05029,21060
05031,102884
05033,61927
05035,49511
05037,17329
05039,7738
05041,12234
05043,18688
05045,120417
05047,17799
05049,12186
05051,97119
05053,18046
05055,43745
05057,22208
05059,33440
05061,13487
05063,37030
05065,13461
05067,17495
05069,72385
05071,26025
05073,7127
05075,16915
05077,9781
05079,13935
05081,12616
05083,21935
05085,71279
05087,15761
05089,16404
05091,43666
05093,44199
05095,7542
05097,9100
05099,8668
05101,7988
05103,24728
05105,10246
05107,19929
05109,11017
05111,24131
05113,20290
05115,63107
05117,8334
05119,391806
05121,17584
05123,27023
05125,115577
05127,10661
05129,7938
05131,127351
05133,17193
05135,17027
05137,12503
05139,40334
05141,16892
05143,219930
05145,78823
05147,6873
05149,21716
06001,1605217
06003,1184
06005,36963
06007,223877
06009,44787
06011,21361
06013,1107925
06015,27628
06017,183000
06019,963160
06021,27976
06023,135182
06025,178807
06027,18326
06029,871337
06031,150261
06033,64076
06035,31945
06037,10057155
06039,153366
06041,259358
06043,17645
06045,87409
06047,265001
06049,9033
06051,14051
06053,430201
06055,140823
06057,98639
06059,3132211
06061,370571
06063,18754
06065,2323892
06067,1479300
06069,58051
06071,2106754
06073,3253356
06075,850282
06077,714860
06079,278680
06081,754748
06083,439395
06085,1885056
06087,270931
06089,179228
06091,2931
06093,43668
06095,429596
06097,497776
06099,530561
06101,95406
06103,63015
06105,13180
06107,455769
06109,53864
06111,843110
06113,209671
06115,73897
08001,479977
08003,16353
08005,617668
08007,12355
08009,3648
08011,5816
08013,313961
08014,62449
08015,18507
08017,2071
08019,9238
08021,8213
08023,3590
08025,5537
08027,4375
08029,30221
08031,663303
08033,1789
08035,314238
08037,52894
08039,24225
08041,665171
08043,46835
08045,57495
08047,5708
08049,14490
08051,15889
08053,856
08055,6521
08057,1306
08059,558810
08061,1465
08063,8174
08065,7401
08067,53994
08069,325228
08071,14322
08073,5515
08075,21862
08077,148166
08079,793
08081,13034
08083,26006
08085,40866
08087,28288
08089,18440
08091,4651
08093,16440
08095,4347
08097,17543
08099,12121
08101,162158
08103,6658
08105,11623
08107,23980
08109,6255
08111,552
08113,7767
08115,2367
08117,29269
08119,23472
08121,4814
08123,278065
08125,10150
09001,941618
09003,895699
09005,185141
09007,164438
09009,860874
09011,272033
09013,151689
09015,117078
10001,171474
10003,551997
10005,211224
11001,659009
12001,256581
12003,27312
12005,178361
12007,26919
12009,560683
12011,1863780
12013,14550
12015,169642
12017,140453
12019,200346
12021,348236
12023,68198
12027,35134
12029,16084
12031,900890
12033,309574
12035,102917
12037,11705
12039,46153
12041,17033
12043,13420
12045,15851
12047,14362
12049,27302
12051,38376
12053,176797
12055,98862
12057,1323059
12059,19569
12061,145342
12063,48721
12065,14082
12067,8742
12069,317586
12071,680970
12073,284788
12075,39707
12077,8285
12079,18560
12081,353411
12083,340341
12085,153592
12086,2664418
12087,77150
12089,77187
12091,195798
12093,39420
12095,1256055
12097,311962
12099,1398757
12101,488310
12103,939548
12105,637691
12107,72304
12109,218362
12111,293136
12113,163903
12115,398011
12117,442905
12119,113589
12121,43653
12123,22582
12125,15159
12127,510806
12129,31314
12131,61528
12133,24627
13001,18410
13003,8268
13005,11251
13007,3250
13009,45808
13011,18336
13013,73340
13015,101942
13017,17405
13019,18986
13021,154194
13023,12835
13025,18403
13027,15645
13029,34104
13031,73141
13033,22838
13035,23479
13037,6443
13039,52092
13043,10962
13045,113756
13047,65645
13049,12968
13051,282613
13053,11882
13055,25046
13057,230629
13059,122037
13061,3068
13063,270269
13065,6814
13067,728388
13069,43042
13071,46002
13073,139904
13075,17103
13077,135625
13079,12483
13081,23061
13083,16356
13085,22939
13087,27237
13089,723902
13091,20995
13093,14089
13095,92326
13097,138283
13099,10480
13101,4025
13103,55852
13105,19394
13107,22723
13109,10733
13111,24017
13113,109495
13115,96199
13117,203841
13119,22188
13121,996757
13123,28956
13125,3053
13127,82623
13129,56079
13131,25145
13133,16535
13135,874242
13137,43724
13139,190482
13141,8747
13143,28667
13145,32992
13147,25518
13149,11571
13151,214171
13153,149137
13155,9365
13157,62131
13159,13571
13161,14953
13163,16201
13165,9055
13167,9694
13169,28701
13171,18195
13173,10382
13175,47802
13177,29134
13179,63949
13181,7712
13183,17243
13185,113898
13187,31094
13189,21558
13191,13941
13193,13846
13195,28362
13197,8646
13199,21195
13201,5911
13205,22778
13207,27044
13209,9005
13211,17943
13213,39358
13215,200303
13217,103901
13219,35071
13221,14743
13223,149830
13225,26907
13227,29992
13229,19030
13231,17843
13233,41263
13235,11460
13237,21259
13239,2095
13241,16312
13243,7224
13245,201418
13247,87569
13249,5089
13251,14114
13253,8696
13255,64006
13257,25584
13259,5791
13261,31070
13263,6373
13265,1904
13267,25260
13269,8354
13271,16405
13273,9132
13275,44977
13277,40691
13279,27160
13281,10976
13283,6711
13285,69314
13287,8151
13289,8363
13291,22033
13293,26394
13295,68143
13297,87436
13299,35671
13301,5504
13303,20680
13305,30006
13307,2672
13309,7932
13311,28140
13313,103653
13315,8884
13317,9924
13319,9312
13321,20988
15001,193680
15003,986999
15005,91
15007,70447
15009,162456
16001,425798
16003,3865
16005,83815
16007,5928
16009,9068
16011,45261
16013,21427
16015,6891
16017,41389
16019,108989
16021,11141
16023,2592
16025,968
16027,202782
16029,6813
16031,23441
16033,960
16035,8528
16037,4185
16039,26103
16041,13013
16043,12896
16045,16853
16047,15157
16049,16251
16051,27096
16053,22694
16055,147716
16057,38593
16059,7743
16061,3826
16063,5292
16065,38114
16067,20331
16069,39995
16071,4269
16073,11356
16075,22773
16077,7696
16079,12551
16081,10437
16083,80955
16085,9897
16087,10035
17001,66949
17003,7051
17005,17137
17007,53656
17009,6836
17011,33822
17013,4962
17015,14793
17017,13068
17019,206420
17021,33888
17023,16089
17025,13466
17027,37858
17029,52802
17031,5227575
17033,19441
17035,10890
17037,104458
17039,16322
17041,19770
17043,930514
17045,17828
17047,6612
17049,34356
17051,22025
17053,13758
17055,39503
17057,36047
17059,5325
17061,13390
17063,50338
17065,8251
17067,18633
17069,4173
17071,6966
17073,49681
17075,28814
17077,59188
17079,9592
17081,38523
17083,22441
17085,22186
17087,12866
17089,526615
17091,111493
17093,121452
17095,51752
17097,702890
17099,111935
17101,16582
17103,34718
17105,37278
17107,29820
17109,31727
17111,307083
17113,173254
17115,108404
17117,46482
17119,266759
17121,38503
17123,12060
17125,13931
17127,14883
17129,12576
17131,15971
17133,33703
17135,29301
17137,34801
17139,14915
17141,52034
17143,186818
17145,21595
17147,16469
17149,16054
17151,4255
17153,5792
17155,5746
17157,32934
17159,16072
17161,146536
17163,265569
17165,24659
17167,198639
17169,7205
17171,5169
17173,22011
17175,5840
17177,46283
17179,135400
17181,17458
17183,79613
17185,11587
17187,17611
17189,14369
17191,16517
17193,14410
17195,57155
17197,685378
17199,67336
17201,288896
17203,39123
18001,34813
18003,365565
18005,80203
18007,8709
18009,12364
18011,61884
18013,14965
18015,20007
18017,38324
18019,113993
18021,26568
18023,32692
18025,10582
18027,32583
18029,49552
18031,26340
18033,42489
18035,116463
18037,42345
18039,201640
18041,23608
18043,76290
18045,16741
18047,22887
18049,20412
18051,33684
18053,68269
18055,32633
18057,303042
18059,71955
18061,39370
18063,155817
18065,48953
18067,82728
18069,36696
18071,43637
18073,33461
18075,21196
18077,32482
18079,28023
18081,147567
18083,37956
18085,78461
18087,38395
18089,489698
18091,110993
18093,45696
18095,129862
18097,932142
18099,46833
18101,10218
18103,36093
18105,143292
18107,38108
18109,69504
18111,14022
18113,47587
18115,6003
18117,19579
18119,21038
18121,17033
18123,19301
18125,12554
18127,167016
18129,25527
18131,12910
18133,37626
18135,25403
18137,28633
18139,16873
18141,267696
18143,23734
18145,44404
18147,20777
18149,23069
18151,34279
18153,21026
18155,10484
18157,183397
18159,15447
18161,7251
18163,181692
18165,15752
18167,108099
18169,32177
18171,8309
18173,61427
18175,27792
18177,67423
18179,27836
18181,24265
18183,33354
19001,7330
19003,3822
19005,14001
19007,12602
19009,5793
19011,25720
19013,132821
19015,26411
19017,24663
19019,21031
19021,20445
19023,14933
19025,9876
19027,20555
19029,13433
19031,18389
19033,43303
19035,11752
19037,12164
19039,9273
19041,16478
19043,17735
19045,47972
19047,17147
19049,78074
19051,8768
19053,8210
19055,17445
19057,40114
19059,17046
19061,96359
19063,9820
19065,20391
19067,16004
19069,10393
19071,7019
19073,9083
19075,12373
19077,10691
19079,15227
19081,11006
19083,17324
19085,14335
19087,19941
19089,9430
19091,9607
19093,7041
19095,16326
19097,19529
19099,36715
19101,17662
19103,142006
19105,20481
19107,10234
19109,15226
19111,35172
19113,218076
19115,11251
19117,8700
19119,11730
19121,15661
19123,22324
19125,33197
19127,40735
19129,14841
19131,10757
19133,9013
19135,7964
19137,10380
19139,42949
19141,14055
19143,6154
19145,15552
19147,9155
19149,24972
19151,7061
19153,459159
19155,93198
19157,18622
19159,5054
19161,10034
19163,171116
19165,11944
19167,34621
19169,94834
19171,17423
19173,6209
19175,12539
19177,7380
19179,35242
19181,48170
19183,22115
19185,6403
19187,37050
19189,10580
19191,20789
19193,102426
19195,7562
19197,12891
20001,12951
20003,7858
20005,16557
20007,4831
20009,27214
20011,14751
20013,9810
20015,66264
20017,2694
20019,3470
20021,20737
20023,2679
20025,2131
20027,8346
20029,9302
20031,8433
20033,1898
20035,35977
20037,39281
20039,2886
20041,19384
20043,7793
20045,116352
20047,2975
20049,2635
20051,29032
20053,6375
20055,36983
20057,34492
20059,25663
20061,36818
20063,2682
20065,2577
20067,7748
20069,6037
20071,1235
20073,6304
20075,2567
20077,5798
20079,34814
20081,4087
20083,1919
20085,13365
20087,18880
20089,3003
20091,572428
20093,3943
20095,7697
20097,2520
20099,20833
20101,1687
20103,78785
20105,3134
20107,9524
20109,2800
20111,33401
20113,29164
20115,12213
20117,9963
20119,4310
20121,32787
20123,6299
20125,33765
20127,5694
20129,3033
20131,10177
20133,16358
20135,3047
20137,5558
20139,16001
20141,3746
20143,6004
20145,6840
20147,5484
20149,22920
20151,9729
20153,2557
20155,63803
20157,4768
20159,9949
20161,75026
20163,5160
20165,3144
20167,6988
20169,55547
20171,4958
20173,508221
20175,23185
20177,178567
20179,2522
20181,6038
20183,3701
20185,4284
20187,2115
20189,5738
20191,23509
20193,7909
20195,2927
20197,6960
20199,1584
20201,5613
20203,2168
20205,8956
20207,3186
20209,161777
21001,19156
21003,20421
21005,21867
21007,8216
21009,43287
21011,12113
21013,27676
21015,125656
21017,20004
21019,48716
21021,29650
21023,8404
21025,13476
21027,20000
21029,77727
21031,12828
21033,12758
21035,38302
21037,91456
21039,4954
21041,10776
21043,27292
21045,15928
21047,73936
21049,35706
21051,21160
21053,10172
21055,9211
21057,6780
21059,98724
21061,12086
21063,7661
21065,14406
21067,311529
21069,14543
21071,38144
21073,49982
21075,6323
21077,8543
21079,17051
21081,24705
21083,37379
21085,26092
21087,11123
21089,36255
21091,8716
21093,107573
21095,28031
21097,18629
21099,18510
21101,46362
21103,15528
21105,4691
21107,46359
21109,13357
21111,759724
21113,51015
21115,23280
21117,163393
21119,15884
21121,31740
21123,14127
21125,59950
21127,15870
21129,6896
21131,10869
21133,23382
21135,13646
21137,24424
21139,9353
21141,26757
21143,8325
21145,65292
21147,17850
21149,9492
21151,87324
21153,12887
21155,19497
21157,31213
21159,12478
21161,17229
21163,28751
21165,6345
21167,21411
21169,9983
21171,10692
21173,27391
21175,13379
21177,31216
21179,44875
21181,7062
21183,24152
21185,63876
21187,10673
21189,4552
21191,14509
21193,27818
21195,62791
21197,12387
21199,63772
21201,2191
21203,16893
21205,24302
21207,17684
21209,51348
21211,44967
21213,17856
21215,17798
21217,25315
21219,12465
21221,14267
21223,8751
21225,15065
21227,121066
21229,12017
21231,20557
21233,13331
21235,35842
21237,7221
21239,25591
22001,62372
22003,25619
22005,117009
22007,22973
22009,41252
22011,36435
22013,13924
22015,124720
22017,253125
22019,197233
22021,9997
22023,6739
22025,10145
22027,16452
22029,20288
22031,27047
22033,445337
22035,7419
22037,19756
22039,33765
22041,20464
22043,22372
22045,73799
22047,33159
22049,15999
22051,435204
22053,31399
22055,234963
22057,97688
22059,14927
22061,47480
22063,135925
22065,11803
22067,26739
22069,39258
22071,382922
22073,156398
22075,23584
22077,22366
22079,132373
22081,8757
22083,20692
22085,24144
22087,44091
22089,52708
22091,10714
22093,21581
22095,43888
22097,83699
22099,53385
22101,53053
22103,246269
22105,127115
22107,4793
22109,113099
22111,22460
22113,59524
22115,52101
22117,46367
22119,40335
22121,25017
22123,11370
22125,15384
22127,14695
23001,107376
23003,69405
23005,288204
23007,30270
23009,54483
23011,120953
23013,39717
23015,34165
23017,57299
23019,152978
23021,17044
23023,35134
23025,51363
23027,39071
23029,31925
23031,200536
24001,73060
24003,559737
24005,825666
24009,90527
24011,32653
24013,167535
24015,102175
24017,154357
24019,32451
24021,243465
24023,29677
24025,249776
24027,308447
24029,19819
24031,1026371
24033,897693
24035,48712
24037,110675
24039,25899
24041,37668
24043,149571
24045,101527
24047,51441
24510,621000
25001,214703
25003,128563
25005,554868
25007,17137
25009,769362
25011,70916
25013,468072
25015,161035
25017,1567610
25019,10694
25021,691218
25023,506657
25025,767719
25027,813589
26001,10461
26003,9396
26005,113666
26007,28929
26009,23215
26011,15327
26013,8612
26015,59316
26017,106107
26019,17462
26021,155134
26023,43603
26025,134691
26027,51795
26029,26172
26031,25579
26033,38330
26035,30608
26037,77245
26039,13840
26041,36570
26043,25889
26045,108544
26047,33091
26049,413090
26051,25367
26053,15650
26055,90715
26057,41676
26059,46024
26061,36565
26063,32021
26065,284559
26067,64126
26069,25373
26071,11393
26073,70574
26075,159483
26077,258605
26079,17259
26081,629352
26083,2195
26085,11415
26087,88310
26089,21764
26091,98673
26093,185841
26095,6451
26097,10998
26099,859703
26101,24465
26103,67418
26105,28755
26107,43259
26109,23568
26111,83559
26113,15032
26115,149945
26117,62922
26119,9317
26121,172148
26123,47957
26125,1235215
26127,26152
26129,21103
26131,6165
26133,23172
26135,8374
26137,24198
26139,276583
26141,12955
26143,23900
26145,195201
26147,160069
26149,60923
26151,41761
26153,8186
26155,68800
26157,54014
26159,75216
26161,358082
26163,1767593
26165,32829
27001,15722
27003,341249
27005,33375
27007,45644
27009,39457
27011,5098
27013,65524
27015,25327
27017,35482
27019,97143
27021,28633
27023,12126
27025,54041
27027,61402
27029,8764
27031,5215
27033,11557
27035,63321
27037,411402
27039,20361
27041,36862
27043,14119
27045,20877
27047,30751
27049,46450
27051,5943
27053,1209265
27055,18791
27057,20640
27059,38461
27061,45356
27063,10163
27065,15918
27067,42510
27069,4436
27071,12930
27073,6916
27075,10721
27077,3901
27079,27650
27081,5793
27083,25670
27085,35926
27087,5480
27089,9406
27091,20193
27093,23094
27095,25788
27097,32850
27099,39248
27101,8463
27103,33226
27105,21729
27107,6638
27109,150104
27111,57694
27113,14156
27115,29067
27117,9285
27119,31550
27121,10975
27123,531528
27125,4042
27127,15578
27129,14995
27131,65116
27133,9554
27135,15609
27137,200353
27139,139490
27141,91188
27143,14957
27145,153661
27147,36541
27149,9762
27151,9483
27153,24335
27155,3397
27157,21327
27159,13755
27161,19034
27163,248745
27165,10996
27167,6479
27169,51145
27171,129922
27173,10038
28001,31747
28003,37309
28005,12692
28007,19085
28009,8378
28011,33615
28013,14724
28015,10301
28017,17357
28019,8320
28021,9209
28023,16203
28025,20147
28027,24804
28029,28780
28031,19503
28033,170890
28035,76274
28037,7818
28039,23313
28041,13941
28043,21518
28045,46028
28047,198570
28049,244596
28051,18547
28053,8822
28055,1352
28057,23511
28059,140850
28061,16538
28063,7528
28065,11771
28067,68313
28069,10128
28071,52193
28073,59623
28075,79233
28077,12603
28079,23011
28081,85281
28083,30500
28085,34691
28087,59785
28089,101791
28091,25810
28093,36196
28095,36029
28097,10353
28099,29474
28101,21652
28103,11098
28105,49424
28107,34319
28109,55167
28111,12174
28113,39939
28115,30862
28117,25339
28119,7634
28121,147930
28123,28268
28125,4662
28127,27279
28129,16137
28131,17995
28133,27424
28135,14776
28137,28338
28139,22061
28141,19503
28143,10407
28145,27989
28147,14812
28149,47834
28151,48824
28153,20517
28155,9922
28157,9233
28159,18519
28161,12380
28163,27719
29001,25547
29003,17347
29005,5380
29007,25868
29009,35716
29011,12075
29013,16513
29015,18825
29017,12282
29019,172773
29021,89415
29023,42887
29025,9057
29027,44693
29029,44152
29031,78089
29033,9009
29035,6249
29037,101324
29039,13932
29041,7615
29043,82053
29045,6860
29047,233135
29049,20494
29051,76603
29053,17613
29055,24545
29057,7590
29059,16508
29061,8257
29063,12706
29065,15578
29067,13467
29069,31271
29071,102063
29073,14875
29075,6745
29077,285449
29079,10231
29081,8649
29083,21930
29085,9267
29087,4537
29089,10148
29091,40265
29093,10220
29095,683643
29097,117376
29099,222453
29101,54229
29103,3997
29105,35505
29107,32789
29109,38204
29111,10146
29113,54286
29115,12319
29117,15057
29119,22720
29121,15399
29123,12403
29125,8987
29127,28858
29129,3702
29131,25011
29133,14112
29135,15840
29137,8642
29139,11820
29141,20182
29143,18229
29145,58741
29147,23026
29149,10922
29151,13704
29153,9450
29155,17599
29157,19152
29159,42193
29161,44833
29163,18475
29165,94970
29167,31113
29169,53302
29171,4877
29173,10225
29175,25081
29177,22921
29179,6530
29181,13936
29183,379856
29185,9444
29186,17937
29187,66230
29189,1000560
29195,23214
29197,4396
29199,4893
29201,38994
29203,8256
29205,6148
29207,29788
29209,31197
29211,6416
29213,53853
29215,25690
29217,20836
29219,33290
29221,25002
29223,13341
29225,37075
29227,2061
29229,18378
29510,316030
30001,9317
30003,13214
30005,6609
30007,5692
30009,10340
30011,1295
30013,82049
30015,5837
30017,11980
30019,1787
30021,9431
30023,9176
30025,2913
30027,11429
30029,94696
30031,97958
30033,1061
30035,13695
30037,730
30039,3212
30041,16529
30043,11601
30045,1981
30047,29311
30049,65989
30051,2292
30053,19268
30055,1678
30057,7810
30059,1960
30061,4223
30063,113101
30065,4778
30067,15843
30069,445
30071,4150
30073,6166
30075,1648
30077,6928
30079,1414
30081,41130
30083,11392
30085,11230
30087,9348
30089,11375
30091,3645
30093,34560
30095,9342
30097,3634
30099,6067
30101,5114
30103,846
30105,7576
30107,2109
30109,1143
30111,155344
31001,31536
31003,6421
31005,437
31007,793
31009,580
31011,5353
31013,11279
31015,2006
31017,3022
31019,48402
31021,6594
31023,8205
31025,25463
31027,8657
31029,4061
31031,5781
31033,10090
31035,6313
31037,10499
31039,9055
31041,10784
31043,20697
31045,9082
31047,23924
31049,1932
31051,5809
31053,36679
31055,543253
31057,1823
31059,5676
31061,3076
31063,2599
31065,4850
31067,21778
31069,1930
31071,1968
31073,1977
31075,647
31077,2447
31079,61105
31081,9118
31083,3465
31085,1013
31087,2866
31089,10360
31091,669
31093,6365
31095,7354
31097,5167
31099,6548
31101,8103
31103,736
31105,3713
31107,8551
31109,301707
31111,35777
31113,830
31115,542
31117,425
31119,35125
31121,7793
31123,4843
31125,3607
31127,7101
31129,4352
31131,15890
31133,2695
31135,2911
31137,9236
31139,7179
31141,32703
31143,5242
31145,10884
31147,8149
31149,1407
31151,14356
31153,172460
31155,20946
31157,36599
31159,17113
31161,5259
31163,3090
31165,1274
31167,6022
31169,5163
31171,675
31173,6989
31175,4240
31177,20338
31179,9414
31181,3665
31183,805
31185,13842
32001,24148
32003,2070153
32005,47426
32007,52029
32009,1069
32011,1730
32013,17091
32015,5907
32017,5155
32019,51897
32021,4519
32023,43198
32027,6690
32029,3941
32031,439914
32033,9893
32510,54412
33001,60392
33003,47416
33005,76320
33007,32219
33009,89164
33011,404948
33013,147715
33015,300365
33017,125913
33019,43051
34001,274026
34003,930310
34005,450236
34007,511145
34009,95404
34011,155744
34013,792586
34015,291286
34017,668526
34019,125708
34021,371101
34023,831852
34025,627532
34027,498215
34029,586166
34031,507204
34033,64504
34035,331686
34037,144694
34039,550436
34041,107095
35001,674777
35003,3547
35005,65610
35006,27373
35007,12716
35009,50544
35011,1977
35013,213825
35015,56369
35017,28879
35019,4469
35021,565
35023,4531
35025,68930
35027,19726
35028,17895
35029,24627
35031,74346
35033,4598
35035,65333
35037,8555
35039,39924
35041,19618
35043,138117
35045,122537
35047,28350
35049,147320
35051,11442
35053,17324
35055,32961
35057,15599
35059,4292
35061,75993
36001,307891
36003,47700
36005,1436785
36007,197381
36009,78506
36011,78783
36013,131748
36015,87742
36017,49286
36019,81505
36021,61860
36023,48713
36025,46480
36027,295905
36029,922129
36031,38598
36033,51007
36035,54297
36037,59053
36039,48069
36041,4697
36043,63558
36045,117966
36047,2606852
36049,27107
36051,64622
36053,72089
36055,749236
36057,49667
36059,1356801
36061,1634989
36063,213374
36065,232858
36067,468050
36069,109450
36071,376242
36073,41938
36075,120513
36077,60979
36079,99408
36081,2310011
36083,159959
36085,473324
36087,322642
36089,111529
36091,224929
36093,154845
36095,31667
36097,18336
36099,35036
36101,98151
36103,1498130
36105,75818
36107,49649
36109,104268
36111,180505
36113,64911
36115,62465
36117,91874
36119,969229
36121,41239
36123,25106
37001,156372
37003,37211
37005,10868
37007,25883
37009,26992
37011,17633
37013,47513
37015,20324
37017,34454
37019,119167
37021,250112
37023,89082
37025,192296
37027,81623
37029,10228
37031,68537
37033,23094
37035,155461
37037,68778
37039,27226
37041,14556
37043,10730
37045,97113
37047,57015
37049,104190
37051,325841
37053,24864
37055,35187
37057,164058
37059,41568
37061,59121
37063,294618
37065,54669
37067,364691
37069,62989
37071,211753
37073,11615
37075,8651
37077,58341
37079,21241
37081,511815
37083,52849
37085,126620
37087,59577
37089,110905
37091,24285
37093,51853
37095,5629
37097,167493
37099,41227
37101,182155
37103,10074
37105,59540
37107,58343
37109,79783
37111,45013
37113,33991
37115,21130
37117,23510
37119,1011774
37121,15263
37123,27475
37125,93070
37127,94385
37129,216430
37131,20628
37133,185755
37135,139807
37137,12892
37139,39909
37141,56358
37143,13470
37145,39196
37147,175150
37149,20324
37151,142588
37153,45710
37155,134576
37157,91898
37159,138694
37161,66701
37163,63713
37165,35711
37167,60610
37169,46453
37171,72767
37173,14234
37175,33062
37177,4128
37179,217614
37181,44508
37183,998576
37185,20324
37187,12503
37189,52745
37191,124447
37193,68888
37195,81617
37197,37819
37199,17599
38001,2348
38003,11033
38005,6802
38007,936
38009,6650
38011,3238
38013,2239
38015,90560
38017,166852
38019,3867
38021,5160
38023,2369
38025,4284
38027,2370
38029,3426
38031,3345
38033,1895
38035,69793
38037,2369
38039,2311
38041,2639
38043,2419
38045,4111
38047,1939
38049,5912
38051,2737
38053,10718
38055,9576
38057,8671
38059,29633
38061,9675
38063,3032
38065,1768
38067,7136
38069,4373
38071,11578
38073,5457
38075,2573
38077,16329
38079,14607
38081,3889
38083,1395
38085,4431
38087,665
38089,29837
38091,1969
38093,21108
38095,2292
38097,8075
38099,10995
38101,68954
38103,4179
38105,31643
39001,28111
39003,104664
39005,53343
39007,99175
39009,65103
39011,45871
39013,69228
39015,44059
39017,373638
39019,28108
39021,39175
39023,136175
39025,201092
39027,41854
39029,105230
39031,36665
39033,42485
39035,1258710
39037,52185
39039,38488
39041,188996
39043,75808
39045,150163
39047,28719
39049,1232118
39051,42466
39053,30376
39055,94020
39057,164325
39059,39478
39061,805965
39063,75672
39065,31652
39067,15521
39069,27890
39071,43109
39073,28690
39075,43702
39077,58704
39079,32717
39081,67607
39083,60878
39085,229266
39087,61503
39089,169762
39091,45388
39093,304091
39095,434800
39097,43537
39099,233015
39101,65620
39103,175543
39105,23345
39107,40886
39109,103864
39111,14442
39113,532761
39115,14857
39117,35032
39119,85991
39121,14429
39123,40981
39125,19057
39127,35947
39129,56804
39131,28298
39133,161796
39135,41561
39137,34116
39139,121888
39141,77193
39143,59870
39145,77366
39147,55711
39149,48949
39151,374762
39153,541372
39155,204908
39157,92579
39159,53955
39161,28501
39163,13128
39165,222184
39167,61154
39169,115747
39171,37270
39173,129418
39175,22359
40001,22161
40003,5784
40005,13847
40007,5479
40009,23290
40011,9777
40013,44529
40015,29510
40017,129571
40019,48530
40021,48267
40023,15051
40025,2269
40027,271818
40029,5755
40031,124583
40033,6062
40035,14683
40037,70931
40039,29248
40041,41433
40043,4862
40045,4123
40047,62481
40049,27570
40051,53955
40053,4497
40055,6081
40057,2813
40059,3785
40061,12835
40063,13727
40065,25864
40067,6280
40069,11027
40071,45398
40073,15392
40075,9239
40077,10643
40079,49885
40081,34640
40083,45171
40085,9768
40087,37222
40089,33071
40091,20161
40093,7721
40095,16079
40097,40923
40099,13792
40101,69939
40103,11470
40105,10510
40107,12212
40109,764698
40111,39322
40113,47923
40115,32022
40117,16444
40119,79953
40121,44643
40123,38213
40125,71551
40127,11149
40129,3732
40131,89970
40133,25403
40135,41344
40137,44631
40139,21499
40141,7611
40143,629823
40145,76190
40147,51892
40149,11626
40151,9125
40153,21111
41001,16030
41003,87455
41005,394967
41007,37660
41009,49645
41011,62944
41013,21334
41015,22364
41017,170813
41019,107375
41021,1913
41023,7227
41025,7214
41027,22842
41029,210916
41031,22305
41033,84063
41035,65946
41037,7799
41039,360273
41041,46685
41043,119862
41045,30474
41047,326527
41049,11207
41051,778193
41053,78470
41055,1705
41057,25552
41059,76582
41061,25758
41063,6836
41065,25657
41067,564088
41069,1369
41071,102217
42001,101759
42003,1230360
42005,67512
42007,169205
42009,48852
42011,414097
42013,125917
42015,61808
42017,626220
42019,185974
42021,137762
42023,4807
42025,64330
42027,159178
42029,512028
42031,38939
42033,81170
42035,39536
42037,66772
42039,87027
42041,243838
42043,271962
42045,562316
42047,31111
42049,279133
42051,134229
42053,7493
42055,152707
42057,14653
42059,37669
42061,45844
42063,87491
42065,44575
42067,24811
42069,213006
42071,533110
42073,88528
42075,136950
42077,358792
42079,318917
42081,116313
42083,42609
42085,114598
42087,46585
42089,167126
42091,815876
42093,18404
42095,300520
42097,93590
42099,45647
42101,1559938
42103,56210
42105,17239
42107,145503
42109,40246
42111,76201
42113,6302
42115,41832
42117,42031
42119,45178
42121,53460
42123,40649
42125,208269
42127,51307
42129,359377
42131,27975
42133,440604
44001,49228
44003,164886
44005,82714
44007,631344
44009,126319
45001,24951
45003,165146
45005,9589
45007,192709
45009,15057
45011,21917
45013,175316
45015,199081
45017,14886
45019,380673
45021,56274
45023,32435
45025,46083
45027,34056
45029,37884
45031,67689
45033,31273
45035,148517
45037,26388
45039,23025
45041,138575
45043,60804
45045,482191
45047,69881
45049,20296
45051,300418
45053,27186
45055,63090
45057,83704
45059,66442
45061,18189
45063,277702
45065,9806
45067,31975
45069,27702
45071,37750
45073,75375
45075,89731
45077,120722
45079,401743
45081,20113
45083,294229
45085,107682
45087,27928
45089,32816
45091,245606
46003,2732
46005,18155
46007,3445
46009,7001
46011,33435
46013,38430
46015,5312
46017,2052
46019,10268
46021,1553
46023,9277
46025,3639
46027,14029
46029,27886
46031,4170
46033,8447
46035,19824
46037,5588
46039,4309
46041,5652
46043,2961
46045,4000
46047,6874
46049,2354
46051,7195
46053,4217
46055,2073
46057,5995
46059,3311
46061,3390
46063,1277
46065,17518
46067,7264
46069,1440
46071,3268
46073,2029
46075,767
46077,5070
46079,12331
46081,24859
46083,51396
46085,3855
46087,5616
46089,2252
46091,4743
46093,26840
46095,2083
46097,2299
46099,182014
46101,6445
46102,14263
46103,107298
46105,3019
46107,2306
46109,10294
46111,2349
46115,6539
46117,2964
46119,1456
46121,10019
46123,5475
46125,8289
46127,14842
46129,5538
46135,22649
46137,2818
47001,75545
47003,46331
47005,16173
47007,14073
47009,126192
47011,102860
47013,40008
47015,13855
47017,28417
47019,56707
47021,39575
47023,17355
47025,31701
47027,7769
47029,35256
47031,53808
47033,14558
47035,57895
47037,667885
47039,11703
47041,19159
47043,50926
47045,37970
47047,39071
47049,17936
47051,41348
47053,49511
47055,29034
47057,22813
47059,68502
47061,13494
47063,63203
47065,351305
47067,6609
47069,25975
47071,25839
47073,56567
47075,18129
47077,27952
47079,32291
47081,24251
47083,8234
47085,18216
47087,11526
47089,52851
47091,17923
47093,448164
47095,7643
47097,27261
47099,42406
47101,11907
47103,33582
47105,50637
47107,52606
47109,26057
47111,22924
47113,98128
47115,28363
47117,31335
47119,85767
47121,11804
47123,45482
47125,189709
47127,6314
47129,21688
47131,30900
47133,22090
47135,7891
47137,5096
47139,16697
47141,74652
47143,32461
47145,52983
47147,67905
47149,290289
47151,22029
47153,14710
47155,94537
47157,936990
47159,19176
47161,13257
47163,156644
47165,172786
47167,61558
47169,7970
47171,17945
47173,19081
47175,5641
47177,40099
47179,126044
47181,16842
47183,34024
47185,26373
47187,205645
47189,125616
48001,57772
48003,17215
48005,87657
48007,24729
48009,8750
48011,1913
48013,47710
48015,29107
48017,7131
48019,21015
48021,78286
48023,3639
48025,32706
48027,330859
48029,1858699
48031,10918
48033,698
48035,17953
48037,93483
48039,338419
48041,209896
48043,9188
48045,1672
48047,7217
48049,37935
48051,17417
48053,44584
48055,39848
48057,21805
48059,13596
48061,418785
48063,12631
48065,6027
48067,30346
48069,7875
48071,38072
48073,51257
48075,7059
48077,10367
48079,2955
48081,3228
48083,8476
48085,886633
48087,3032
48089,20792
48091,124234
48093,13506
48095,4142
48097,38878
48099,75710
48101,1560
48103,4823
48105,3836
48107,5987
48109,2259
48111,7052
48113,2513054
48115,13317
48117,19039
48119,5226
48121,754650
48123,20660
48125,2237
48127,10842
48129,3506
48131,11510
48133,18252
48135,153177
48137,2028
48139,160225
48141,833592
48143,40641
48145,17265
48147,33757
48149,24909
48151,3847
48153,6088
48155,1320
48157,683756
48159,10571
48161,19585
48163,18542
48165,19485
48167,314485
48169,6614
48171,25732
48173,1253
48175,7463
48177,20370
48179,23028
48181,124231
48183,123283
48185,27140
48187,147313
48189,35007
48191,3162
48193,8232
48195,5552
48197,3952
48199,55624
48201,4434257
48203,66431
48205,5966
48207,5812
48209,185686
48211,4151
48213,79213
48215,828334
48217,34901
48219,23377
48221,54217
48223,35844
48225,22802
48227,36423
48229,3481
48231,89068
48233,21782
48235,1631
48237,8866
48239,14678
48241,35640
48243,2221
48245,252993
48247,5218
48249,41486
48251,157544
48253,19944
48255,14984
48257,111830
48259,39010
48261,558
48263,667
48265,50505
48267,4453
48269,274
48271,3578
48273,31877
48275,3807
48277,49626
48279,13561
48281,20357
48283,7319
48285,19654
48287,16754
48289,16923
48291,78598
48293,23469
48295,3507
48297,11976
48299,19624
48301,76
48303,294682
48305,5723
48307,8242
48309,243394
48311,671
48313,13843
48315,10191
48317,5451
48319,4064
48321,36719
48323,56830
48325,47920
48327,2163
48329,155817
48331,24372
48333,4871
48335,8995
48337,19384
48339,518849
48341,22186
48343,12653
48345,1022
48347,65556
48349,48177
48351,14138
48353,15017
48355,355667
48357,10577
48359,2069
48361,83751
48363,27922
48365,23771
48367,123601
48369,9921
48371,15826
48373,46583
48375,121883
48377,7144
48379,11087
48381,128603
48383,3625
48385,3348
48387,12455
48389,14438
48391,7315
48393,939
48395,16537
48397,88010
48399,10411
48401,53197
48403,10367
48405,8556
48407,27172
48409,66706
48411,5881
48413,3171
48415,17314
48417,3323
48419,25705
48421,3069
48423,219745
48425,8673
48427,63008
48429,9787
48431,1233
48433,1233
48435,3936
48437,7639
48439,1947529
48441,135234
48443,778
48445,12724
48447,1520
48449,32592
48451,116264
48453,1148176
48455,14360
48457,21371
48459,40295
48461,3475
48463,27055
48465,48862
48467,53070
48469,90989
48471,69926
48473,47049
48475,11396
48477,34544
48479,266006
48481,41377
48483,5642
48485,132148
48487,13061
48489,21944
48491,490619
48493,46444
48495,7723
48497,62089
48499,43198
48501,8316
48503,18275
48505,14335
48507,12107
49001,6437
49003,51528
49005,118824
49007,20733
49009,751
49011,329292
49013,20078
49015,10570
49017,5020
49019,9428
49021,47751
49023,10507
49025,7216
49027,12604
49029,10645
49031,1859
49033,2284
49035,1092518
49037,15540
49039,28551
49041,20913
49043,39009
49045,61986
49047,36308
49049,564177
49051,27895
49053,151959
49055,2716
49057,241328
50001,36926
50003,36503
50005,30859
50007,160510
50009,6173
50011,48625
50013,6945
50015,25136
50017,28897
50019,27076
50021,60133
50023,58963
50025,43609
50027,55894
51001,33060
51003,104287
51005,15919
51007,12793
51009,31999
51011,15314
51013,226092
51015,74330
51017,4558
51019,76933
51021,6612
51023,33192
51025,16573
51027,23158
51029,17030
51031,55061
51033,29640
51035,29733
51036,7086
51037,12232
51041,331839
51043,14307
51045,5195
51047,48952
51049,9769
51051,15304
51053,28155
51057,11130
51059,1132887
51061,68025
51063,15587
51065,26046
51067,56230
51069,82321
51071,16871
51073,37021
51075,21979
51077,15180
51079,19085
51081,11698
51083,35305
51085,102199
51087,321921
51089,52209
51091,2230
51093,36027
51095,71900
51097,7140
51099,25260
51101,16156
51103,11055
51105,24911
51107,362435
51109,34350
51111,12450
51113,13122
51115,8848
51117,31209
51119,10728
51121,97227
51125,14831
51127,20051
51131,12118
51133,12272
51135,15641
51137,34873
51139,23759
51141,18180
51143,62392
51145,28286
51147,23077
51149,37664
51153,443630
51155,34417
51157,7416
51159,8868
51161,93655
51163,22450
51165,78427
51167,27973
51169,22378
51171,42857
51173,31513
51175,18291
51177,129181
51179,139548
51181,6731
51183,11733
51185,43367
51187,38807
51191,54562
51193,17528
51195,40074
51197,29171
51199,66919
51510,151473
51520,17340
51530,6610
51540,45538
51550,233194
51570,17554
51580,5650
51590,42360
51595,5565
51600,23620
51610,13597
51620,8413
51630,27853
51640,6858
51650,136789
51660,51979
51670,22332
51678,7036
51680,78755
51683,41149
51685,15827
51690,13551
51700,181606
51710,245724
51720,3978
51730,31997
51735,12068
51740,96071
51750,17186
51760,216773
51770,99329
51775,25290
51790,24234
51800,87061
51810,449733
51820,21366
51830,14988
51840,27349
53001,19100
53003,22113
53005,187519
53007,74761
53009,72969
53011,450893
53013,3971
53015,102854
53017,40101
53019,7639
53021,87810
53023,2231
53025,92530
53027,71233
53029,80113
53031,30333
53033,2079550
53035,257488
53037,42785
53039,20930
53041,75724
53043,10326
53045,61060
53047,41299
53049,20743
53051,13001
53053,832896
53055,16056
53057,120475
53059,11316
53061,758649
53063,485859
53065,43744
53067,266311
53069,4051
53071,59809
53073,209729
53075,47494
53077,247681
54001,16892
54003,110173
54005,23645
54007,14463
54009,23473
54011,96623
54013,7482
54015,9033
54017,8363
54019,45192
54021,8497
54023,11770
54025,35580
54027,23455
54029,30024
54031,13942
54033,68775
54035,29199
54037,55531
54039,189636
54041,16422
54043,21482
54045,35166
54047,20273
54049,56716
54051,32296
54053,27060
54055,61476
54057,27606
54059,25549
54061,102827
54063,13496
54065,17514
54067,25743
54069,43257
54071,7291
54073,7612
54075,8620
54077,33793
54079,56743
54081,78051
54083,29287
54085,10044
54087,14513
54089,13325
54091,16949
54093,6922
54095,9000
54097,24632
54099,41237
54101,8820
54103,15997
54105,5826
54107,86262
54109,22537
55001,20294
55003,15936
55005,45548
55007,14987
55009,256621
55011,13256
55013,15259
55015,49653
55017,63355
55019,34486
55021,56650
55023,16415
55025,516818
55027,88404
55029,27669
55031,43705
55033,44348
55035,101907
55037,4474
55039,101968
55041,9108
55043,51723
55045,37050
55047,18881
55049,23751
55051,5850
55053,20566
55055,84538
55057,26399
55059,167896
55061,20459
55063,117538
55065,16793
55067,19414
55069,28171
55071,80178
55073,135367
55075,41090
55077,15082
55078,4457
55079,955306
55081,45365
55083,37475
55085,35604
55087,181799
55089,87625
55091,7349
55093,40881
55095,43483
55097,70551
55099,13707
55101,194873
55103,17642
55105,160986
55107,14272
55109,86726
55111,63317
55113,16438
55115,41384
55117,115269
55119,20521
55121,29521
55123,30442
55125,21373
55127,103021
55129,15685
55131,133422
55133,395377
55135,51974
55137,24238
55139,169487
55141,73621
56001,37836
56003,11931
56005,48473
56007,15696
56009,14223
56011,7284
56013,40683
56015,13546
56017,4781
56019,8572
56021,96459
56023,18543
56025,80871
56027,2498
56029,29083
56031,8740
56033,29924
56035,10032
56037,44812
56039,22623
56041,20893
56043,8351
56045,7175
72001,18760
72003,40083
72005,56893
72007,27323
72009,24438
72011,28250
72013,91096
72015,18778
72017,24699
72019,29548
72021,192974
72023,50096
72025,136372
72027,33481
72029,47174
72031,165040
72033,26137
72035,46071
72037,12538
72039,17644
72041,41782
72043,40090
72045,20153
72047,35484
72049,1508
72051,38013
72053,33912
72054,12287
72055,17788
72057,43210
72059,20025
72061,92444
72063,46990
72065,41327
72067,16678
72069,55621
72071,43919
72073,15605
72075,48658
72077,39942
72079,24323
72081,28052
72083,9093
72085,38466
72087,27857
72089,19237
72091,41468
72093,6274
72095,11506
72097,81594
72099,38289
72101,32087
72103,26722
72105,29467
72107,22258
72109,18135
72111,22231
72113,152594
72115,24904
72117,14700
72119,52479
72121,24013
72123,29722
72125,33546
72127,363744
72129,39283
72131,39755
72133,22732
72135,74467
72137,83645
72139,70737
72141,30869
72143,39018
72145,55866
72147,9046
72149,24186
72151,35670
72153,38519
